<?xml version="1.0" encoding="UTF-8"?>
<beans xmlns="http://www.springframework.org/schema/beans"
	xmlns:xsi="http://www.w3.org/2001/XMLSchema-instance"
	xmlns:p="http://www.springframework.org/schema/p"
	xmlns:tx="http://www.springframework.org/schema/tx"
	xmlns:mvc="http://www.springframework.org/schema/mvc"
	xmlns:context="http://www.springframework.org/schema/context"
	xmlns:aop="http://www.springframework.org/schema/aop"
	xsi:schemaLocation="http://www.springframework.org/schema/aop http://www.springframework.org/schema/aop/spring-aop-4.1.xsd
		http://www.springframework.org/schema/beans http://www.springframework.org/schema/beans/spring-beans-4.1.xsd
		http://www.springframework.org/schema/context http://www.springframework.org/schema/context/spring-context-4.1.xsd
		http://www.springframework.org/schema/mvc http://www.springframework.org/schema/mvc/spring-mvc-4.0.xsd
		http://www.springframework.org/schema/tx http://www.springframework.org/schema/tx/spring-tx.xsd">

	<context:annotation-config></context:annotation-config>
	<context:component-scan base-package="com.phonemarket.mapper,com.phonemarket.service.impl"></context:component-scan>

	<bean id="dataSource"
		class="com.alibaba.druid.pool.DruidDataSource">
		<property name="url" value="jdbc:mysql://localhost:3306/ssmshop?useUnicode=true&amp;characterEncoding=UTF-8"></property>
		<property name="driverClassName" value="com.mysql.jdbc.Driver"></property>
		<property name="username" value="root"></property>
		<property name="password" value="orcl"></property>
	</bean>
	<bean id="sessionFactory"
		class="org.mybatis.spring.SqlSessionFactoryBean">
		<property name="dataSource">
			<ref bean="dataSource" />
		</property>
		<property name="configLocation" value="classpath:SqlMapConfig.xml"></property>
		<property name="plugins">
			<array>
				<bean id="pageHelper" class="com.github.pagehelper.PageHelper">
					<property name="properties">
						<value>
							dialect=mysql
							reasonable=true
						</value>
					</property>
				</bean>
			</array>
		</property>
	</bean>
	<bean id="mapperConfig" class="org.mybatis.spring.mapper.MapperScannerConfigurer">
		<property name="basePackage" value="com.phonemarket.mapper"></property>
	</bean>
	<bean id="jedisPoolConfig" class="redis.clients.jedis.JedisPoolConfig">
		<!-- 最大连接数 -->
		<property name="maxTotal" value="30" />
		<!-- 最大空闲连接数 -->
		<property name="maxIdle" value="10" />
		<!-- 每次释放连接的最大数目 -->
		<property name="numTestsPerEvictionRun" value="1024" />
		<!-- 释放连接的扫描间隔（毫秒） -->
		<property name="timeBetweenEvictionRunsMillis" value="30000" />
		<!-- 连接最小空闲时间 -->
		<property name="minEvictableIdleTimeMillis" value="1800000" />
		<!-- 连接空闲多久后释放, 当空闲时间>该值 且 空闲连接>最大空闲连接数 时直接释放 -->
		<property name="softMinEvictableIdleTimeMillis" value="10000" />
		<!-- 获取连接时的最大等待毫秒数,小于零:阻塞不确定的时间,默认-1 -->
		<property name="maxWaitMillis" value="1500" />
		<!-- 在获取连接的时候检查有效性, 默认false -->
		<property name="testOnBorrow" value="true" />
		<!-- 在空闲时检查有效性, 默认false -->
		<property name="testWhileIdle" value="true" />
		<!-- 连接耗尽时是否阻塞, false报异常,ture阻塞直到超时, 默认true -->
		<property name="blockWhenExhausted" value="false" />
	</bean>
	<bean id="jedisPool" class="redis.clients.jedis.JedisPool" destroy-method="close">
		<constructor-arg name="poolConfig" ref="jedisPoolConfig" />
		<constructor-arg name="host" value="127.0.0.1" />
		<constructor-arg name="port" value="6379" />
	</bean>
	<bean id="transactionManager" class="org.springframework.jdbc.datasource.DataSourceTransactionManager">
		<property name="dataSource" ref="dataSource"></property>
	</bean>

</beans>
