<?xml version="1.0" encoding="UTF-8"?>
<beans xmlns="http://www.springframework.org/schema/beans"
	xmlns:xsi="http://www.w3.org/2001/XMLSchema-instance" xmlns:p="http://www.springframework.org/schema/p"
	xmlns:tx="http://www.springframework.org/schema/tx" xmlns:mvc="http://www.springframework.org/schema/mvc"
	xmlns:context="http://www.springframework.org/schema/context"
	xmlns:aop="http://www.springframework.org/schema/aop"
	xsi:schemaLocation="http://www.springframework.org/schema/aop http://www.springframework.org/schema/aop/spring-aop-4.1.xsd
		http://www.springframework.org/schema/beans http://www.springframework.org/schema/beans/spring-beans-4.1.xsd
		http://www.springframework.org/schema/context http://www.springframework.org/schema/context/spring-context-4.1.xsd
		http://www.springframework.org/schema/mvc http://www.springframework.org/schema/mvc/spring-mvc-4.0.xsd
		http://www.springframework.org/schema/tx http://www.springframework.org/schema/tx/spring-tx.xsd">
	<mvc:annotation-driven />
	<context:component-scan base-package="com.phonemarket.controller"></context:component-scan>
	<bean id="InternalResourceViewResolver"
		class="org.springframework.web.servlet.view.InternalResourceViewResolver">
		<property name="prefix" value="/WEB-INF/jsp/"></property>
		<property name="suffix" value=".jsp"></property>
	</bean>
	<bean id="multipartResolver"
		class="org.springframework.web.multipart.commons.CommonsMultipartResolver">
		<property name="maxUploadSize" value="10485760" />
	</bean>
	<mvc:resources location="/resources/" mapping="/resources/**" />
	<mvc:resources location="/upload/" mapping="/upload/**" />
	<mvc:view-controller path="/" view-name="index" />
	
	<mvc:interceptors>
		<!-- 对特定的请求进行拦截 -->
		<mvc:interceptor>
			<mvc:mapping path="/goods/detail" />
			<mvc:mapping path="/cart/*" />
			<bean id="UserLoginInterceptor" class="com.phonemarket.interceptor.UserLoginInterceptor"></bean>
		</mvc:interceptor>
	</mvc:interceptors>
</beans>