<?xml version="1.0" encoding="UTF-8" ?>
<!DOCTYPE mapper
PUBLIC "-//mybatis.org//DTD Mapper 3.0//EN"
"http://mybatis.org/dtd/mybatis-3-mapper.dtd">
<mapper namespace="com.phonemarket.mapper.CitiesMapper">
	<resultMap type="Cities" id="BaseResultMap">
		<id property="cityId" column="city_id" javaType="java.lang.String" />
		<result property="cityName" column="city_name" javaType="java.lang.String" />
		<result property="provinceId" column="province_id" javaType="java.lang.String" />
	</resultMap>
	<select id="findCitiesByProvinceId" parameterType="java.lang.String" resultMap="BaseResultMap">
		select * from cities where province_id=#{id}
	</select>
	<select id="findCityByCityName" parameterType="java.lang.String" resultMap="BaseResultMap">
		select * from cities where city_name=#{0} and province_id=#{1}
	</select>
	<select id="findCityById" parameterType="java.lang.String" resultMap="BaseResultMap">
		select * from cities where city_id=#{id}
	</select>
</mapper>